fixture_id,strategy,repeat,step_idx,chosen,expected,correct,confidence,probabilities_json,goal_noul,state_tokens,input_tokens,latency_ms,model
restart the database,truncated,0,0,cannot_proceed,cannot_proceed,1,0.62,"{""disk_usage"": 0.0, ""port_listeners"": 0.09, ""git_log"": 0.0, ""cannot_proceed"": 0.64, ""git_status"": 0.0, ""find_files"": 0.01, ""list_files"": 0.0, ""read_file"": 0.01, ""kill_process"": 0.03, ""search_content"": 0.01, ""tail_log"": 0.04, ""process_list"": 0.17, ""done"": 0.0}",0.06,12,908,660.9,jev-1.13.0
deploy the app to production,truncated,0,0,cannot_proceed,cannot_proceed,1,0.53,"{""process_list"": 0.0, ""done"": 0.0, ""cannot_proceed"": 0.56, ""search_content"": 0.0, ""git_status"": 0.13, ""disk_usage"": 0.0, ""find_files"": 0.02, ""tail_log"": 0.0, ""port_listeners"": 0.0, ""kill_process"": 0.0, ""read_file"": 0.02, ""list_files"": 0.18, ""git_log"": 0.08}",0.05,14,910,262.8,jev-1.13.0
send a message to the team on slack,truncated,0,0,cannot_proceed,cannot_proceed,1,1.0,"{""cannot_proceed"": 1.0, ""done"": 0.0, ""process_list"": 0.0, ""search_content"": 0.0, ""git_status"": 0.0, ""port_listeners"": 0.0, ""find_files"": 0.0, ""tail_log"": 0.0, ""disk_usage"": 0.0, ""kill_process"": 0.0, ""list_files"": 0.0, ""read_file"": 0.0, ""git_log"": 0.0}",0.04,15,913,476.9,jev-1.13.0
rename this file to something else,truncated,0,0,find_files,cannot_proceed,0,0.41,"{""kill_process"": 0.0, ""disk_usage"": 0.0, ""read_file"": 0.01, ""cannot_proceed"": 0.42, ""search_content"": 0.0, ""tail_log"": 0.0, ""git_log"": 0.0, ""list_files"": 0.1, ""process_list"": 0.0, ""find_files"": 0.46, ""git_status"": 0.01, ""done"": 0.0, ""port_listeners"": 0.0}",0.04,15,911,432.4,jev-1.13.0
rename this file to something else,truncated,0,1,cannot_proceed,done,0,0.54,"{""git_log"": 0.0, ""tail_log"": 0.0, ""cannot_proceed"": 0.58, ""list_files"": 0.16, ""disk_usage"": 0.0, ""read_file"": 0.08, ""port_listeners"": 0.0, ""done"": 0.0, ""kill_process"": 0.0, ""find_files"": 0.13, ""process_list"": 0.0, ""search_content"": 0.01, ""git_status"": 0.04}",0.03,46,955,253.8,jev-1.13.0
install the missing npm dependency,truncated,0,0,read_file,cannot_proceed,0,0.31,"{""port_listeners"": 0.0, ""search_content"": 0.03, ""find_files"": 0.03, ""tail_log"": 0.07, ""git_log"": 0.0, ""read_file"": 0.36, ""list_files"": 0.29, ""disk_usage"": 0.0, ""done"": 0.0, ""process_list"": 0.0, ""kill_process"": 0.0, ""cannot_proceed"": 0.21, ""git_status"": 0.01}",0.05,15,910,269.5,jev-1.13.0
install the missing npm dependency,truncated,0,1,cannot_proceed,done,0,0.36,"{""git_log"": 0.0, ""port_listeners"": 0.0, ""find_files"": 0.02, ""kill_process"": 0.0, ""search_content"": 0.07, ""tail_log"": 0.01, ""cannot_proceed"": 0.41, ""process_list"": 0.0, ""done"": 0.0, ""list_files"": 0.12, ""read_file"": 0.36, ""git_status"": 0.01, ""disk_usage"": 0.0}",0.05,57,976,234.1,jev-1.13.0
restart the database,truncated,1,0,cannot_proceed,cannot_proceed,1,0.57,"{""search_content"": 0.01, ""port_listeners"": 0.08, ""find_files"": 0.0, ""disk_usage"": 0.0, ""tail_log"": 0.03, ""git_status"": 0.0, ""cannot_proceed"": 0.61, ""git_log"": 0.0, ""done"": 0.0, ""process_list"": 0.22, ""kill_process"": 0.04, ""read_file"": 0.01, ""list_files"": 0.0}",0.06,12,908,289.4,jev-1.13.0
deploy the app to production,truncated,1,0,cannot_proceed,cannot_proceed,1,0.51,"{""find_files"": 0.02, ""cannot_proceed"": 0.56, ""tail_log"": 0.0, ""search_content"": 0.0, ""kill_process"": 0.0, ""done"": 0.0, ""disk_usage"": 0.0, ""port_listeners"": 0.0, ""read_file"": 0.02, ""list_files"": 0.15, ""git_status"": 0.17, ""git_log"": 0.07, ""process_list"": 0.0}",0.05,14,910,245.9,jev-1.13.0
send a message to the team on slack,truncated,1,0,cannot_proceed,cannot_proceed,1,1.0,"{""disk_usage"": 0.0, ""git_log"": 0.0, ""search_content"": 0.0, ""process_list"": 0.0, ""done"": 0.0, ""git_status"": 0.0, ""cannot_proceed"": 1.0, ""read_file"": 0.0, ""tail_log"": 0.0, ""list_files"": 0.0, ""port_listeners"": 0.0, ""find_files"": 0.0, ""kill_process"": 0.0}",0.04,15,913,322.2,jev-1.13.0
rename this file to something else,truncated,1,0,cannot_proceed,cannot_proceed,1,0.42,"{""disk_usage"": 0.0, ""process_list"": 0.0, ""read_file"": 0.01, ""port_listeners"": 0.0, ""git_log"": 0.0, ""find_files"": 0.37, ""cannot_proceed"": 0.47000000000000003, ""tail_log"": 0.0, ""search_content"": 0.0, ""list_files"": 0.14, ""git_status"": 0.01, ""kill_process"": 0.0, ""done"": 0.0}",0.04,15,911,258.3,jev-1.13.0
install the missing npm dependency,truncated,1,0,list_files,cannot_proceed,0,0.32,"{""search_content"": 0.03, ""git_status"": 0.0, ""tail_log"": 0.05, ""git_log"": 0.0, ""done"": 0.0, ""disk_usage"": 0.0, ""port_listeners"": 0.0, ""process_list"": 0.0, ""read_file"": 0.29, ""cannot_proceed"": 0.22, ""find_files"": 0.03, ""list_files"": 0.38, ""kill_process"": 0.0}",0.04,15,910,257.6,jev-1.13.0
install the missing npm dependency,truncated,1,1,read_file,done,0,0.57,"{""port_listeners"": 0.0, ""cannot_proceed"": 0.16, ""read_file"": 0.61, ""tail_log"": 0.0, ""git_status"": 0.0, ""process_list"": 0.0, ""search_content"": 0.03, ""find_files"": 0.08, ""kill_process"": 0.0, ""git_log"": 0.0, ""list_files"": 0.12, ""done"": 0.0, ""disk_usage"": 0.0}",0.03,34,942,252.3,jev-1.13.0
install the missing npm dependency,truncated,1,2,cannot_proceed,done,0,0.49,"{""read_file"": 0.26, ""kill_process"": 0.0, ""port_listeners"": 0.0, ""find_files"": 0.05, ""done"": 0.0, ""list_files"": 0.09, ""git_status"": 0.01, ""git_log"": 0.0, ""cannot_proceed"": 0.54, ""tail_log"": 0.01, ""search_content"": 0.04, ""process_list"": 0.0, ""disk_usage"": 0.0}",0.04,77,1009,234.7,jev-1.13.0
restart the database,truncated,2,0,cannot_proceed,cannot_proceed,1,0.62,"{""list_files"": 0.0, ""done"": 0.0, ""tail_log"": 0.03, ""find_files"": 0.0, ""port_listeners"": 0.07, ""git_log"": 0.0, ""disk_usage"": 0.0, ""git_status"": 0.0, ""process_list"": 0.18, ""cannot_proceed"": 0.66, ""kill_process"": 0.04, ""read_file"": 0.01, ""search_content"": 0.01}",0.06,12,908,276.8,jev-1.13.0
deploy the app to production,truncated,2,0,cannot_proceed,cannot_proceed,1,0.53,"{""done"": 0.0, ""kill_process"": 0.0, ""tail_log"": 0.0, ""cannot_proceed"": 0.58, ""git_log"": 0.08, ""git_status"": 0.12, ""port_listeners"": 0.0, ""search_content"": 0.0, ""read_file"": 0.01, ""disk_usage"": 0.0, ""find_files"": 0.02, ""process_list"": 0.0, ""list_files"": 0.19}",0.05,14,910,247.7,jev-1.13.0
send a message to the team on slack,truncated,2,0,cannot_proceed,cannot_proceed,1,1.0,"{""git_status"": 0.0, ""list_files"": 0.0, ""kill_process"": 0.0, ""cannot_proceed"": 1.0, ""port_listeners"": 0.0, ""done"": 0.0, ""process_list"": 0.0, ""read_file"": 0.0, ""search_content"": 0.0, ""tail_log"": 0.0, ""disk_usage"": 0.0, ""find_files"": 0.0, ""git_log"": 0.0}",0.04,15,913,207.5,jev-1.13.0
rename this file to something else,truncated,2,0,cannot_proceed,cannot_proceed,1,0.39,"{""cannot_proceed"": 0.44, ""disk_usage"": 0.0, ""search_content"": 0.0, ""kill_process"": 0.0, ""process_list"": 0.0, ""tail_log"": 0.0, ""git_status"": 0.01, ""done"": 0.0, ""git_log"": 0.0, ""read_file"": 0.01, ""find_files"": 0.4, ""port_listeners"": 0.0, ""list_files"": 0.14}",0.04,15,911,316.3,jev-1.13.0
install the missing npm dependency,truncated,2,0,list_files,cannot_proceed,0,0.32,"{""done"": 0.0, ""cannot_proceed"": 0.23, ""process_list"": 0.0, ""git_status"": 0.01, ""git_log"": 0.0, ""kill_process"": 0.0, ""port_listeners"": 0.0, ""search_content"": 0.02, ""read_file"": 0.29, ""disk_usage"": 0.0, ""find_files"": 0.03, ""tail_log"": 0.05, ""list_files"": 0.37}",0.04,15,910,251.7,jev-1.13.0
install the missing npm dependency,truncated,2,1,read_file,done,0,0.5,"{""list_files"": 0.13, ""read_file"": 0.55, ""search_content"": 0.04, ""find_files"": 0.1, ""tail_log"": 0.0, ""process_list"": 0.0, ""kill_process"": 0.0, ""port_listeners"": 0.0, ""git_status"": 0.0, ""cannot_proceed"": 0.17, ""git_log"": 0.0, ""done"": 0.0, ""disk_usage"": 0.0}",0.03,34,942,271.5,jev-1.13.0
install the missing npm dependency,truncated,2,2,cannot_proceed,done,0,0.43,"{""read_file"": 0.31, ""kill_process"": 0.0, ""port_listeners"": 0.0, ""find_files"": 0.06, ""git_log"": 0.0, ""list_files"": 0.09, ""git_status"": 0.01, ""done"": 0.0, ""cannot_proceed"": 0.47, ""tail_log"": 0.01, ""search_content"": 0.05, ""process_list"": 0.0, ""disk_usage"": 0.0}",0.05,77,1009,228.1,jev-1.13.0
