fixture_id,strategy,repeat,step_idx,chosen,expected,correct,confidence,probabilities_json,goal_noul,satisfiable_noul,state_tokens,input_tokens,latency_ms,model
update the go dependencies to their latest versions,reduced,0,0,cannot_proceed,cannot_proceed,1,0.45,"{""read_file"": 0.48, ""process_list"": 0.0, ""git_status"": 0.01, ""search_content"": 0.0, ""cannot_proceed"": 0.49, ""tail_log"": 0.0, ""kill_process"": 0.0, ""done"": 0.0, ""git_log"": 0.0, ""find_files"": 0.01, ""disk_usage"": 0.0, ""list_files"": 0.01, ""port_listeners"": 0.0}",0.06,0.13,19,1814,596.4,jev-1.13.0
refactor this function,reduced,0,0,cannot_proceed,cannot_proceed,1,0.66,"{""cannot_proceed"": 0.7, ""list_files"": 0.01, ""find_files"": 0.04, ""git_log"": 0.0, ""tail_log"": 0.0, ""port_listeners"": 0.0, ""search_content"": 0.07, ""read_file"": 0.17, ""kill_process"": 0.0, ""done"": 0.0, ""process_list"": 0.0, ""disk_usage"": 0.0, ""git_status"": 0.01}",0.04,0.11,12,1810,253.3,jev-1.13.0
find whatever changed most recently in the postgresql project and show it,reduced,0,0,find_files,find_files,1,0.48,"{""read_file"": 0.0, ""done"": 0.0, ""git_log"": 0.42, ""process_list"": 0.0, ""port_listeners"": 0.0, ""disk_usage"": 0.0, ""find_files"": 0.53, ""search_content"": 0.0, ""list_files"": 0.01, ""tail_log"": 0.0, ""cannot_proceed"": 0.01, ""git_status"": 0.03, ""kill_process"": 0.0}",0.02,0.49,25,1820,291.2,jev-1.13.0
find whatever changed most recently in the postgresql project and show it,reduced,0,1,read_file,read_file,1,0.77,"{""kill_process"": 0.0, ""search_content"": 0.0, ""git_log"": 0.06, ""tail_log"": 0.0, ""read_file"": 0.79, ""cannot_proceed"": 0.03, ""port_listeners"": 0.0, ""find_files"": 0.03, ""disk_usage"": 0.0, ""git_status"": 0.03, ""process_list"": 0.0, ""done"": 0.05, ""list_files"": 0.01}",0.15,0.64,46,1861,348.9,jev-1.13.0
find whatever changed most recently in the postgresql project and show it,reduced,0,2,find_files,done,0,0.21,"{""search_content"": 0.01, ""git_status"": 0.09, ""find_files"": 0.28, ""process_list"": 0.0, ""git_log"": 0.12, ""kill_process"": 0.0, ""read_file"": 0.1, ""list_files"": 0.02, ""cannot_proceed"": 0.16, ""disk_usage"": 0.0, ""port_listeners"": 0.0, ""tail_log"": 0.0, ""done"": 0.22}",0.05,0.53,87,1915,422.8,jev-1.13.0
find whatever changed most recently in the postgresql project and show it,reduced,0,3,find_files,done,0,0.31,"{""list_files"": 0.03, ""find_files"": 0.37, ""git_log"": 0.17, ""tail_log"": 0.0, ""git_status"": 0.08, ""disk_usage"": 0.0, ""cannot_proceed"": 0.14, ""process_list"": 0.0, ""kill_process"": 0.0, ""search_content"": 0.0, ""read_file"": 0.11, ""port_listeners"": 0.0, ""done"": 0.1}",0.04,0.56,109,1957,232.0,jev-1.13.0
find whatever changed most recently in the postgresql project and show it,reduced,0,4,find_files,done,0,0.31,"{""port_listeners"": 0.0, ""find_files"": 0.37, ""done"": 0.11, ""process_list"": 0.0, ""list_files"": 0.05, ""kill_process"": 0.0, ""read_file"": 0.1, ""cannot_proceed"": 0.12, ""git_status"": 0.08, ""disk_usage"": 0.0, ""search_content"": 0.0, ""tail_log"": 0.0, ""git_log"": 0.17}",0.04,0.61,131,1999,278.9,jev-1.13.0
find whatever changed most recently in the postgresql project and show it,reduced,0,5,find_files,done,0,0.27,"{""port_listeners"": 0.0, ""find_files"": 0.34, ""done"": 0.11, ""read_file"": 0.12, ""list_files"": 0.04, ""kill_process"": 0.0, ""process_list"": 0.0, ""cannot_proceed"": 0.15, ""git_status"": 0.07, ""disk_usage"": 0.0, ""search_content"": 0.0, ""tail_log"": 0.0, ""git_log"": 0.17}",0.04,0.54,153,2041,227.8,jev-1.13.0
show me the recent commits in the sift project,reduced,0,0,git_log,git_log,1,0.99,"{""git_log"": 0.99, ""tail_log"": 0.0, ""disk_usage"": 0.0, ""git_status"": 0.0, ""process_list"": 0.0, ""port_listeners"": 0.0, ""find_files"": 0.01, ""search_content"": 0.0, ""cannot_proceed"": 0.0, ""list_files"": 0.0, ""read_file"": 0.0, ""kill_process"": 0.0, ""done"": 0.0}",0.02,0.9,18,1815,215.6,jev-1.13.0
show me the recent commits in the sift project,reduced,0,1,done,done,1,0.98,"{""cannot_proceed"": 0.0, ""done"": 0.98, ""disk_usage"": 0.0, ""process_list"": 0.0, ""list_files"": 0.0, ""port_listeners"": 0.0, ""git_status"": 0.0, ""tail_log"": 0.0, ""kill_process"": 0.0, ""search_content"": 0.0, ""find_files"": 0.0, ""git_log"": 0.02, ""read_file"": 0.0}",0.88,0.95,70,1884,227.6,jev-1.13.0
kill the process using port 7000,reduced,0,0,port_listeners,port_listeners,1,0.99,"{""tail_log"": 0.0, ""disk_usage"": 0.0, ""cannot_proceed"": 0.0, ""find_files"": 0.0, ""git_status"": 0.0, ""search_content"": 0.0, ""done"": 0.0, ""port_listeners"": 1.0, ""list_files"": 0.0, ""read_file"": 0.0, ""kill_process"": 0.0, ""process_list"": 0.0, ""git_log"": 0.0}",0.04,0.22,15,1816,312.4,jev-1.13.0
kill the process using port 7000,reduced,0,1,kill_process,kill_process,1,1.0,"{""kill_process"": 1.0, ""disk_usage"": 0.0, ""tail_log"": 0.0, ""list_files"": 0.0, ""read_file"": 0.0, ""git_status"": 0.0, ""search_content"": 0.0, ""find_files"": 0.0, ""done"": 0.0, ""git_log"": 0.0, ""port_listeners"": 0.0, ""cannot_proceed"": 0.0, ""process_list"": 0.0}",0.03,0.78,40,1871,253.7,jev-1.13.0
kill the process using port 7000,reduced,0,2,done,done,1,0.94,"{""port_listeners"": 0.05, ""search_content"": 0.0, ""process_list"": 0.0, ""done"": 0.95, ""list_files"": 0.0, ""cannot_proceed"": 0.0, ""git_log"": 0.0, ""read_file"": 0.0, ""kill_process"": 0.0, ""tail_log"": 0.0, ""disk_usage"": 0.0, ""git_status"": 0.0, ""find_files"": 0.0}",0.89,0.69,59,1902,229.4,jev-1.13.0
restart the database,reduced,0,0,cannot_proceed,cannot_proceed,1,0.98,"{""list_files"": 0.0, ""port_listeners"": 0.0, ""kill_process"": 0.0, ""disk_usage"": 0.0, ""read_file"": 0.0, ""git_log"": 0.0, ""done"": 0.0, ""process_list"": 0.01, ""find_files"": 0.0, ""git_status"": 0.0, ""search_content"": 0.0, ""cannot_proceed"": 0.99, ""tail_log"": 0.0}",0.06,0.14,12,1809,272.1,jev-1.13.0
install the missing npm dependency,reduced,0,0,cannot_proceed,cannot_proceed,1,0.72,"{""read_file"": 0.08, ""disk_usage"": 0.0, ""done"": 0.0, ""cannot_proceed"": 0.74, ""search_content"": 0.03, ""tail_log"": 0.01, ""kill_process"": 0.0, ""git_log"": 0.0, ""find_files"": 0.02, ""git_status"": 0.0, ""process_list"": 0.0, ""list_files"": 0.12, ""port_listeners"": 0.0}",0.04,0.22,15,1811,234.0,jev-1.13.0
update the go dependencies to their latest versions,reduced,1,0,read_file,cannot_proceed,0,0.48,"{""disk_usage"": 0.0, ""port_listeners"": 0.0, ""process_list"": 0.0, ""list_files"": 0.01, ""git_log"": 0.0, ""search_content"": 0.0, ""find_files"": 0.01, ""git_status"": 0.01, ""kill_process"": 0.0, ""tail_log"": 0.0, ""read_file"": 0.51, ""cannot_proceed"": 0.46, ""done"": 0.0}",0.06,0.12,19,1814,238.0,jev-1.13.0
update the go dependencies to their latest versions,reduced,1,1,read_file,done,0,0.48,"{""git_status"": 0.01, ""disk_usage"": 0.0, ""find_files"": 0.01, ""done"": 0.0, ""tail_log"": 0.0, ""list_files"": 0.01, ""read_file"": 0.52, ""port_listeners"": 0.0, ""search_content"": 0.05, ""kill_process"": 0.0, ""cannot_proceed"": 0.4, ""git_log"": 0.0, ""process_list"": 0.0}",0.05,0.12,54,1872,240.2,jev-1.13.0
update the go dependencies to their latest versions,reduced,1,2,cannot_proceed,done,0,0.67,"{""cannot_proceed"": 0.69, ""list_files"": 0.0, ""git_status"": 0.01, ""search_content"": 0.03, ""kill_process"": 0.0, ""disk_usage"": 0.0, ""find_files"": 0.01, ""git_log"": 0.0, ""read_file"": 0.26, ""tail_log"": 0.0, ""process_list"": 0.0, ""port_listeners"": 0.0, ""done"": 0.0}",0.05,0.16,89,1931,286.7,jev-1.13.0
refactor this function,reduced,1,0,cannot_proceed,cannot_proceed,1,0.61,"{""port_listeners"": 0.0, ""search_content"": 0.07, ""cannot_proceed"": 0.65, ""done"": 0.0, ""list_files"": 0.0, ""process_list"": 0.0, ""git_log"": 0.0, ""read_file"": 0.23, ""kill_process"": 0.0, ""tail_log"": 0.0, ""disk_usage"": 0.0, ""find_files"": 0.04, ""git_status"": 0.01}",0.04,0.14,12,1810,258.3,jev-1.13.0
find whatever changed most recently in the postgresql project and show it,reduced,1,0,find_files,find_files,1,0.44,"{""disk_usage"": 0.0, ""tail_log"": 0.0, ""port_listeners"": 0.0, ""find_files"": 0.49, ""git_status"": 0.03, ""cannot_proceed"": 0.01, ""done"": 0.0, ""search_content"": 0.0, ""kill_process"": 0.0, ""read_file"": 0.0, ""list_files"": 0.01, ""process_list"": 0.0, ""git_log"": 0.46}",0.03,0.51,25,1820,260.9,jev-1.13.0
find whatever changed most recently in the postgresql project and show it,reduced,1,1,read_file,read_file,1,0.78,"{""list_files"": 0.01, ""find_files"": 0.03, ""tail_log"": 0.0, ""git_log"": 0.05, ""process_list"": 0.0, ""disk_usage"": 0.0, ""cannot_proceed"": 0.03, ""port_listeners"": 0.0, ""kill_process"": 0.0, ""search_content"": 0.0, ""read_file"": 0.79, ""git_status"": 0.03, ""done"": 0.06}",0.14,0.61,46,1861,255.0,jev-1.13.0
find whatever changed most recently in the postgresql project and show it,reduced,1,2,done,done,1,0.22,"{""port_listeners"": 0.0, ""list_files"": 0.03, ""git_status"": 0.08, ""git_log"": 0.14, ""kill_process"": 0.0, ""disk_usage"": 0.0, ""tail_log"": 0.0, ""find_files"": 0.16, ""read_file"": 0.16, ""cannot_proceed"": 0.13, ""process_list"": 0.0, ""search_content"": 0.01, ""done"": 0.28}",0.08,0.55,87,1915,293.6,jev-1.13.0
show me the recent commits in the sift project,reduced,1,0,git_log,git_log,1,0.99,"{""cannot_proceed"": 0.0, ""port_listeners"": 0.0, ""disk_usage"": 0.0, ""process_list"": 0.0, ""list_files"": 0.0, ""done"": 0.0, ""search_content"": 0.0, ""tail_log"": 0.0, ""kill_process"": 0.0, ""git_status"": 0.0, ""find_files"": 0.01, ""git_log"": 0.99, ""read_file"": 0.0}",0.03,0.9,18,1815,228.7,jev-1.13.0
show me the recent commits in the sift project,reduced,1,1,done,done,1,0.97,"{""git_log"": 0.02, ""git_status"": 0.0, ""find_files"": 0.0, ""disk_usage"": 0.0, ""process_list"": 0.0, ""search_content"": 0.0, ""read_file"": 0.0, ""list_files"": 0.0, ""kill_process"": 0.0, ""cannot_proceed"": 0.0, ""tail_log"": 0.0, ""port_listeners"": 0.0, ""done"": 0.98}",0.89,0.95,70,1884,270.8,jev-1.13.0
kill the process using port 7000,reduced,1,0,port_listeners,port_listeners,1,0.99,"{""kill_process"": 0.0, ""read_file"": 0.0, ""cannot_proceed"": 0.0, ""port_listeners"": 1.0, ""process_list"": 0.0, ""find_files"": 0.0, ""search_content"": 0.0, ""tail_log"": 0.0, ""list_files"": 0.0, ""done"": 0.0, ""git_log"": 0.0, ""git_status"": 0.0, ""disk_usage"": 0.0}",0.04,0.22,15,1816,214.8,jev-1.13.0
kill the process using port 7000,reduced,1,1,kill_process,kill_process,1,1.0,"{""port_listeners"": 0.0, ""tail_log"": 0.0, ""disk_usage"": 0.0, ""find_files"": 0.0, ""cannot_proceed"": 0.0, ""process_list"": 0.0, ""search_content"": 0.0, ""done"": 0.0, ""list_files"": 0.0, ""read_file"": 0.0, ""git_status"": 0.0, ""kill_process"": 1.0, ""git_log"": 0.0}",0.03,0.78,40,1871,309.1,jev-1.13.0
kill the process using port 7000,reduced,1,2,done,done,1,0.95,"{""search_content"": 0.0, ""kill_process"": 0.0, ""done"": 0.95, ""read_file"": 0.0, ""git_status"": 0.0, ""port_listeners"": 0.05, ""git_log"": 0.0, ""process_list"": 0.0, ""find_files"": 0.0, ""tail_log"": 0.0, ""cannot_proceed"": 0.0, ""disk_usage"": 0.0, ""list_files"": 0.0}",0.88,0.69,59,1902,240.1,jev-1.13.0
restart the database,reduced,1,0,cannot_proceed,cannot_proceed,1,0.97,"{""read_file"": 0.0, ""find_files"": 0.0, ""git_log"": 0.0, ""search_content"": 0.0, ""done"": 0.0, ""cannot_proceed"": 0.98, ""port_listeners"": 0.0, ""git_status"": 0.0, ""disk_usage"": 0.0, ""tail_log"": 0.0, ""list_files"": 0.0, ""kill_process"": 0.0, ""process_list"": 0.02}",0.06,0.15,12,1809,283.1,jev-1.13.0
install the missing npm dependency,reduced,1,0,cannot_proceed,cannot_proceed,1,0.7,"{""find_files"": 0.02, ""list_files"": 0.13, ""port_listeners"": 0.0, ""tail_log"": 0.01, ""git_log"": 0.0, ""git_status"": 0.0, ""read_file"": 0.08, ""kill_process"": 0.0, ""process_list"": 0.0, ""search_content"": 0.03, ""done"": 0.0, ""cannot_proceed"": 0.73, ""disk_usage"": 0.0}",0.04,0.21,15,1811,291.7,jev-1.13.0
update the go dependencies to their latest versions,reduced,2,0,read_file,cannot_proceed,0,0.5,"{""read_file"": 0.55, ""port_listeners"": 0.0, ""cannot_proceed"": 0.44, ""done"": 0.0, ""git_log"": 0.0, ""disk_usage"": 0.0, ""process_list"": 0.0, ""git_status"": 0.0, ""tail_log"": 0.0, ""list_files"": 0.01, ""kill_process"": 0.0, ""find_files"": 0.0, ""search_content"": 0.0}",0.06,0.12,19,1814,378.0,jev-1.13.0
update the go dependencies to their latest versions,reduced,2,1,read_file,done,0,0.46,"{""kill_process"": 0.0, ""read_file"": 0.5, ""cannot_proceed"": 0.43, ""port_listeners"": 0.0, ""tail_log"": 0.0, ""find_files"": 0.01, ""list_files"": 0.0, ""done"": 0.0, ""search_content"": 0.05, ""process_list"": 0.0, ""git_log"": 0.0, ""git_status"": 0.01, ""disk_usage"": 0.0}",0.05,0.14,54,1872,231.2,jev-1.13.0
update the go dependencies to their latest versions,reduced,2,2,cannot_proceed,done,0,0.63,"{""tail_log"": 0.0, ""disk_usage"": 0.0, ""git_status"": 0.01, ""git_log"": 0.0, ""read_file"": 0.3, ""find_files"": 0.01, ""search_content"": 0.03, ""kill_process"": 0.0, ""done"": 0.0, ""process_list"": 0.0, ""cannot_proceed"": 0.65, ""list_files"": 0.0, ""port_listeners"": 0.0}",0.06,0.15,89,1931,286.7,jev-1.13.0
refactor this function,reduced,2,0,cannot_proceed,cannot_proceed,1,0.66,"{""port_listeners"": 0.0, ""search_content"": 0.05, ""process_list"": 0.0, ""done"": 0.0, ""list_files"": 0.0, ""read_file"": 0.19, ""git_log"": 0.0, ""cannot_proceed"": 0.7, ""kill_process"": 0.0, ""tail_log"": 0.0, ""disk_usage"": 0.0, ""git_status"": 0.01, ""find_files"": 0.05}",0.04,0.17,12,1810,276.5,jev-1.13.0
find whatever changed most recently in the postgresql project and show it,reduced,2,0,git_log,find_files,0,0.42,"{""port_listeners"": 0.0, ""list_files"": 0.01, ""disk_usage"": 0.0, ""cannot_proceed"": 0.02, ""tail_log"": 0.0, ""find_files"": 0.45, ""git_log"": 0.47000000000000003, ""process_list"": 0.0, ""read_file"": 0.0, ""done"": 0.0, ""kill_process"": 0.0, ""search_content"": 0.0, ""git_status"": 0.05}",0.03,0.47,25,1820,219.4,jev-1.13.0
find whatever changed most recently in the postgresql project and show it,reduced,2,1,done,read_file,0,0.34,"{""port_listeners"": 0.0, ""list_files"": 0.01, ""git_status"": 0.14, ""git_log"": 0.3, ""tail_log"": 0.0, ""disk_usage"": 0.0, ""kill_process"": 0.0, ""find_files"": 0.02, ""read_file"": 0.1, ""cannot_proceed"": 0.03, ""process_list"": 0.0, ""search_content"": 0.0, ""done"": 0.4}",0.32,0.56,59,1888,245.2,jev-1.13.0
show me the recent commits in the sift project,reduced,2,0,git_log,git_log,1,0.98,"{""list_files"": 0.0, ""find_files"": 0.01, ""process_list"": 0.0, ""git_log"": 0.99, ""git_status"": 0.0, ""disk_usage"": 0.0, ""port_listeners"": 0.0, ""tail_log"": 0.0, ""kill_process"": 0.0, ""search_content"": 0.0, ""read_file"": 0.0, ""cannot_proceed"": 0.0, ""done"": 0.0}",0.03,0.9,18,1815,260.5,jev-1.13.0
show me the recent commits in the sift project,reduced,2,1,done,done,1,0.97,"{""disk_usage"": 0.0, ""read_file"": 0.0, ""cannot_proceed"": 0.0, ""done"": 0.97, ""git_log"": 0.03, ""port_listeners"": 0.0, ""process_list"": 0.0, ""git_status"": 0.0, ""tail_log"": 0.0, ""list_files"": 0.0, ""kill_process"": 0.0, ""find_files"": 0.0, ""search_content"": 0.0}",0.88,0.95,70,1884,245.7,jev-1.13.0
kill the process using port 7000,reduced,2,0,port_listeners,port_listeners,1,0.99,"{""read_file"": 0.0, ""disk_usage"": 0.0, ""cannot_proceed"": 0.01, ""done"": 0.0, ""git_log"": 0.0, ""port_listeners"": 0.99, ""process_list"": 0.0, ""git_status"": 0.0, ""tail_log"": 0.0, ""search_content"": 0.0, ""kill_process"": 0.0, ""find_files"": 0.0, ""list_files"": 0.0}",0.05,0.21,15,1816,277.3,jev-1.13.0
kill the process using port 7000,reduced,2,1,kill_process,kill_process,1,1.0,"{""search_content"": 0.0, ""git_status"": 0.0, ""list_files"": 0.0, ""kill_process"": 1.0, ""process_list"": 0.0, ""find_files"": 0.0, ""port_listeners"": 0.0, ""read_file"": 0.0, ""done"": 0.0, ""git_log"": 0.0, ""tail_log"": 0.0, ""disk_usage"": 0.0, ""cannot_proceed"": 0.0}",0.03,0.75,40,1871,331.2,jev-1.13.0
kill the process using port 7000,reduced,2,2,done,done,1,0.92,"{""tail_log"": 0.0, ""port_listeners"": 0.07, ""process_list"": 0.0, ""disk_usage"": 0.0, ""git_log"": 0.0, ""search_content"": 0.0, ""find_files"": 0.0, ""git_status"": 0.0, ""kill_process"": 0.0, ""done"": 0.93, ""list_files"": 0.0, ""cannot_proceed"": 0.0, ""read_file"": 0.0}",0.88,0.62,59,1902,310.7,jev-1.13.0
restart the database,reduced,2,0,cannot_proceed,cannot_proceed,1,0.98,"{""git_status"": 0.0, ""tail_log"": 0.0, ""port_listeners"": 0.0, ""list_files"": 0.0, ""find_files"": 0.0, ""kill_process"": 0.0, ""disk_usage"": 0.0, ""read_file"": 0.0, ""process_list"": 0.01, ""done"": 0.0, ""git_log"": 0.0, ""cannot_proceed"": 0.99, ""search_content"": 0.0}",0.06,0.13,12,1809,311.5,jev-1.13.0
install the missing npm dependency,reduced,2,0,cannot_proceed,cannot_proceed,1,0.68,"{""port_listeners"": 0.0, ""tail_log"": 0.01, ""disk_usage"": 0.0, ""find_files"": 0.03, ""cannot_proceed"": 0.71, ""process_list"": 0.0, ""search_content"": 0.04, ""done"": 0.0, ""list_files"": 0.12, ""read_file"": 0.09, ""git_status"": 0.0, ""kill_process"": 0.0, ""git_log"": 0.0}",0.04,0.21,15,1811,213.1,jev-1.13.0
